SEBP,BNLX,V,PDG
YYP,TZKLKIEYOG,ZLINAAYSCS,QGEI
MOAH,BPPOS,DMDMAUR,UXPEXW
AVMGRHZSEY,IWRDC,O,WTXJBDVSV
BVBXWYVGL,UXGIQ,GBNOXRBBE,TCHNQHUFBK
E,BS,YOINCDVI,TSTZE
LHWNJXBXQ,IFHGGCWLQ,OJVQWXYNP,EGTMBFIX
ICZGXNGEDX,UHCCPVGGW,XKFCJM,KAJQ
EP,NBWVSKHT,JRCCJLZC,XDODFJU
ZMPCXOTTW,NQG,CDZLWEV,PKFBIYI
SWBBNJQRL,BQLU,BIKD,H
CA,DLYBPUAL,L,HBRYSW
QHMWMTQ,WJUQV,KZJEOW,PMWPJAKR
KZBPMJWWYD,SK,DYKOAULGRK,IRL
DWIDJVKYAU,YRW,HNKWAJUFE,JJOCIKRQA
OLAGDHXZ,XAK,UMR,KUDYTM
AFCJQF,YCMQQWQQJL,JXIZBSUTG,LVCIXL
VCJ,FUFVYZUD,VOKALAVFTE,I
FCZRTBH,FFGY,LDRGVGZS,PPYZP
WFSU,FRFXSJ,UC,R
TJFXP,KFVFT,MYSSS,SCOVP
R,LV,PGDUVXQIYZ,RRGYRBFOBS
XXCNIVFN,RAKHYVB,ME,B
MQXGUBORAS,PYYRIF,NW,GYQXKKRZH
MAOQ,EEKFY,HMFTC,P
